{"initial_reset_timestamp": 1555040558.6091874, "timestamps": [1555040610.2792325, 1555040658.4228876, 1555040706.3988137, 1555040754.4974005, 1555040802.3107648], "episode_lengths": [1000, 1000, 1000, 1000, 1000], "episode_rewards": [1800.9174133468016, 1842.2118612134288, 1837.941956892433, 1770.6849813545543, 1826.3866884752958], "episode_types": ["t", "t", "t", "t", "t"]}