{"initial_reset_timestamp": 1554778571.3160405, "timestamps": [1554778617.933786, 1554778663.7777047, 1554778709.4845433, 1554778754.6608412, 1554778799.3697166], "episode_lengths": [1000, 1000, 1000, 1000, 1000], "episode_rewards": [686.5203326408197, 722.4501042591133, 726.8509584133795, 719.8475353819817, 711.0893732523272], "episode_types": ["t", "t", "t", "t", "t"]}