{"initial_reset_timestamp": 1555042357.0507514, "timestamps": [1555042406.6313794, 1555042456.9320982, 1555042506.5359037, 1555042556.3870318, 1555042606.773479], "episode_lengths": [1000, 1000, 1000, 1000, 1000], "episode_rewards": [897.227677778411, 826.4988330905031, 980.3534457112465, 838.9660161109367, 781.8495298934299], "episode_types": ["t", "t", "t", "t", "t"]}