{"initial_reset_timestamp": 1555043613.1873195, "timestamps": [1555043663.1006742, 1555043713.396307, 1555043761.670782, 1555043810.2735195, 1555043860.1436777], "episode_lengths": [1000, 1000, 1000, 1000, 1000], "episode_rewards": [820.1321569569063, 851.498350626629, 791.2927453333137, 803.3368525665813, 829.2259954812668], "episode_types": ["t", "t", "t", "t", "t"]}