{"initial_reset_timestamp": 1554777603.5655851, "timestamps": [1554777652.2989728, 1554777698.8723996, 1554777744.418071, 1554777788.9931748, 1554777834.1414242], "episode_lengths": [1000, 1000, 1000, 1000, 1000], "episode_rewards": [-636.8047880275549, -634.2570101092612, -849.1602030456685, -1239.884966578432, -453.0358843269232], "episode_types": ["t", "t", "t", "t", "t"]}