{"initial_reset_timestamp": 1555041358.060463, "timestamps": [1555041407.673429, 1555041458.2478871, 1555041508.2636902, 1555041558.0218594, 1555041607.724527], "episode_lengths": [1000, 1000, 1000, 1000, 1000], "episode_rewards": [772.0482107920708, 708.5875658582758, 730.6386836003697, 721.1578072295508, 742.4243932909811], "episode_types": ["t", "t", "t", "t", "t"]}